mysql> insert into faculty values ('1215','Shreeya','F','2004-01-18','2022-09-23','891995202');
Query OK, 1 row affected (0.02 sec)

mysql> select * from faculty;
+-------+---------+--------+------------+------------+-----------+
| facno | name    | gender | dob        | doj        | mobileno  |
+-------+---------+--------+------------+------------+-----------+
|  1215 | Shreeya | F      | 2004-01-18 | 2022-09-23 | 891995202 |
+-------+---------+--------+------------+------------+-----------+
1 row in set (0.00 sec)

mysql> insert into faculty values ('1206','hemanth','M','2005-06-10','2022-09-24','830938992');
Query OK, 1 row affected (0.01 sec)

mysql> select * from faculty;
+-------+---------+--------+------------+------------+-----------+
| facno | name    | gender | dob        | doj        | mobileno  |
+-------+---------+--------+------------+------------+-----------+
|  1215 | Shreeya | F      | 2004-01-18 | 2022-09-23 | 891995202 |
|  1206 | hemanth | M      | 2005-06-10 | 2022-09-24 | 830938992 |
+-------+---------+--------+------------+------------+-----------+
2 rows in set (0.00 sec)
